LOGIN;IBLOCK_SECTION_NAME_1;IBLOCK_SECTION_NAME_2;IBLOCK_SECTION_NAME_3;IBLOCK_SECTION_NAME_4
RandellA;;;;
BruggenG;Niederlassung Berlin;;;
WaldL;Niederlassung Berlin;Controlling;;
BeilI;Niederlassung Berlin;Entwicklung;;
BruggenG;Niederlassung Berlin;Entwicklung;Produktdesign;
BellS;Niederlassung Berlin;Entwicklung;Sicherheit;
BastE;Niederlassung Berlin;Entwicklung;Technische Entwicklung;
ClausenD;Niederlassung Berlin;Geschäftsführung;;
ArmO;Niederlassung Berlin;Geschäftsführung;Sekretariat;
BaldersO;Niederlassung Berlin;Personalabteilung;;
StarkL;Niederlassung Berlin;Qualitätsmanagement;;
WendelR;Niederlassung Berlin;Support;;
WeltlerA;Niederlassung Berlin;Support;Beratung;
WillettA;Niederlassung Berlin;Support;Technik;
BelcherL;Niederlassung Berlin;Vertrieb;;
WestermanS;Niederlassung Berlin;Vertrieb;Rechnungswesen;
BrandmeierN;Niederlassung Berlin;Vertrieb;Verkauf;
EmmerichR;Niederlassung Berlin;Vertrieb;Öffentlichkeitsarbeit;
StiefA;Niederlassung London;;;
GilbertN;Niederlassung London;Controlling;;
LahmE;Niederlassung London;Geschäftsführung;;
OlenbergF;Niederlassung London;Geschäftsführung;Sekretariat;
TischlerA;Niederlassung London;Personalabteilung;;
SommerS;Niederlassung London;Qualitätsmanagement;;
CeilmannG;Niederlassung London;Support;;
BuskeD;Niederlassung London;Support;Beratung;
PannenbergN;Niederlassung London;Support;Technik;
ClintJ;Niederlassung London;Vertrieb;;
ThielA;Niederlassung London;Vertrieb;Rechnungswesen;
BlumenstockM;Niederlassung London;Vertrieb;Verkauf;
BartA;Niederlassung London;Vertrieb;Öffentlichkeitsarbeit;
BachA;Niederlassung New York;;;
CronV;Niederlassung New York;Controlling;;
PaulsZ;Niederlassung New York;Entwicklung;;
AbshoffK;Niederlassung New York;Entwicklung;Produktdesign;
CroslandB;Niederlassung New York;Entwicklung;Sicherheit;
BramscheA;Niederlassung New York;Entwicklung;Technische Entwicklung;
BaronA;Niederlassung New York;Geschäftsführung;;
CraftsV;Niederlassung New York;Geschäftsführung;Sekretariat;
AstbergS;Niederlassung New York;Qualitätsmanagement;;
WeilerA;Niederlassung New York;Support;;
BlankensteinE;Niederlassung New York;Support;Beratung;
WittenN;Niederlassung New York;Support;Technik;
CampS;Niederlassung New York;Vertrieb;;
AdenauL;Niederlassung New York;Vertrieb;Rechnungswesen;
PickardO;Niederlassung New York;Vertrieb;Verkauf;
DammeP;Niederlassung New York;Vertrieb;Öffentlichkeitsarbeit;
ClajusS;Niederlassung Paris;;;
ChorweilerA;Niederlassung Paris;Controlling;;
NickelT;Niederlassung Paris;Geschäftsführung;;
TackenbergN;Niederlassung Paris;Geschäftsführung;Sekretariat;
CollinsE;Niederlassung Paris;Personalabteilung;;
PhilippsO;Niederlassung Paris;Qualitätsmanagement;;
MaulingK;Niederlassung Paris;Support;;
HasselsA;Niederlassung Paris;Support;Beratung;
HeimA;Niederlassung Paris;Support;Technik;
BogerR;Niederlassung Paris;Vertrieb;;
GeisslerE;Niederlassung Paris;Vertrieb;Rechnungswesen;
DannertR;Niederlassung Paris;Vertrieb;Verkauf;
MeisnerL;Niederlassung Paris;Vertrieb;Öffentlichkeitsarbeit;
